<?xml version="1.0" encoding="UTF-8"?>
<project-private xmlns="http://www.netbeans.org/ns/project-private/1">
    <editor-bookmarks xmlns="http://www.netbeans.org/ns/editor-bookmarks/2" lastBookmarkId="0"/>
    <open-files xmlns="http://www.netbeans.org/ns/projectui-open-files/2">
        <group>
            <file>file:/C:/Users/ASTHA%20MODI/Documents/NetBeansProjects/DontTouchTheWhiteTile/src/donttouchtheWhitetile/DontTouchTheWhiteTile.java</file>
            <file>file:/C:/Users/ASTHA%20MODI/Documents/NetBeansProjects/DontTouchTheWhiteTile/src/donttouchtheWhitetile/Renderer.java</file>
            <file>file:/C:/Users/ASTHA%20MODI/Documents/NetBeansProjects/DontTouchTheWhiteTile/src/donttouchtheWhitetile/MusicPlayer.java</file>
            <file>file:/C:/Users/ASTHA%20MODI/Documents/NetBeansProjects/DontTouchTheWhiteTile/src/donttouchtheWhitetile/Tile.java</file>
        </group>
    </open-files>
</project-private>
